"","ph","avg_ph","sd","n","se"
"1","C",8.0438900684523,0.0389853648583577,329496,6.79166927851374e-05
"2","L",7.80672289048025,0.0325272305696329,329496,5.6665929221783e-05
