"","temp","avg_temp","sd","n","se"
"1","C",22.5299789340884,0.0509390772938961,89100,0.000170652329849258
"2","H",32.977560847223,0.0764615880125159,178200,0.000181129614866177
